{"stats":{"minecraft:killed":{"born_in_chaos_v1:decrepit_skeleton":1},"minecraft:custom":{"minecraft:time_since_rest":249,"minecraft:play_time":6030,"minecraft:sprint_one_cm":9533,"minecraft:walk_one_cm":28405,"minecraft:damage_taken":890,"minecraft:deaths":3,"minecraft:mob_kills":1,"minecraft:drop":1,"minecraft:damage_dealt_resisted":575,"minecraft:jump":135,"minecraft:damage_dealt":271,"minecraft:leave_game":1,"minecraft:time_since_death":213,"minecraft:walk_on_water_one_cm":362,"minecraft:total_world_time":6030,"minecraft:fall_one_cm":4328,"minecraft:fly_one_cm":19446},"minecraft:mined":{"minecraft:grass":4,"minecraft:grass_block":2,"biomesoplenty:fir_leaves":2,"minecraft:fern":4},"minecraft:killed_by":{"minecraft:creeper":1,"minecraft:spider":1,"born_in_chaos_v1:phantom_creeper":1},"minecraft:dropped":{"minecraft:dirt":1},"minecraft:picked_up":{"minecraft:bone":1,"minecraft:wheat_seeds":1,"minecraft:dirt":2}},"DataVersion":3465}