{"stats":{"minecraft:dropped":{"minecraft:dirt":1},"minecraft:picked_up":{"minecraft:spruce_log":2,"minecraft:dirt":19},"minecraft:custom":{"minecraft:time_since_rest":18880,"minecraft:play_time":18880,"minecraft:crouch_one_cm":672,"minecraft:sprint_one_cm":8306,"minecraft:damage_taken":90,"minecraft:walk_one_cm":28431,"minecraft:sneak_time":181,"minecraft:drop":1,"minecraft:jump":124,"minecraft:time_since_death":18880,"minecraft:leave_game":1,"minecraft:total_world_time":18880,"minecraft:fall_one_cm":1974,"minecraft:fly_one_cm":7546},"minecraft:crafted":{"minecraft:crafting_table":1,"minecraft:spruce_planks":4},"minecraft:used":{"minecraft:dirt":18,"minecraft:spruce_log":1},"minecraft:mined":{"minecraft:grass_block":12,"minecraft:dirt":6,"minecraft:spruce_leaves":1,"minecraft:spruce_log":2}},"DataVersion":3465}