{"stats":{"minecraft:dropped":{"minecraft:dirt":1},"minecraft:picked_up":{"minecraft:salmon":1,"minecraft:kelp":3,"minecraft:spruce_log":2,"minecraft:dirt":20},"minecraft:custom":{"minecraft:time_since_rest":19840,"minecraft:crouch_one_cm":672,"minecraft:sprint_one_cm":9228,"minecraft:play_time":19840,"minecraft:damage_taken":90,"minecraft:walk_one_cm":29939,"minecraft:sneak_time":181,"minecraft:walk_under_water_one_cm":2964,"minecraft:mob_kills":1,"minecraft:drop":1,"minecraft:jump":133,"minecraft:damage_dealt":30,"minecraft:walk_on_water_one_cm":595,"minecraft:leave_game":2,"minecraft:time_since_death":19840,"minecraft:total_world_time":19840,"minecraft:swim_one_cm":2823,"minecraft:fall_one_cm":2452,"minecraft:fly_one_cm":9376},"minecraft:killed":{"minecraft:salmon":1},"minecraft:crafted":{"minecraft:crafting_table":1,"minecraft:spruce_planks":4},"minecraft:used":{"minecraft:salmon":1,"minecraft:dirt":19,"minecraft:spruce_log":1},"minecraft:mined":{"minecraft:grass_block":13,"minecraft:dirt":6,"minecraft:kelp_plant":1,"minecraft:spruce_leaves":1,"minecraft:spruce_log":2}},"DataVersion":3465}