{"stats":{"minecraft:custom":{"minecraft:open_barrel":3,"minecraft:open_chest":9,"minecraft:time_since_rest":436,"minecraft:deaths":1,"minecraft:leave_game":2,"minecraft:play_time":5793,"minecraft:sprint_one_cm":18230,"minecraft:damage_taken":280,"minecraft:time_since_death":405,"minecraft:walk_one_cm":21574,"minecraft:total_world_time":5793,"minecraft:climb_one_cm":1591,"minecraft:fall_one_cm":1289,"minecraft:fly_one_cm":6012,"minecraft:jump":52},"minecraft:killed_by":{"antlers:wendigo":1}},"DataVersion":3465}