{"stats":{"minecraft:dropped":{"minecraft:dirt":1},"minecraft:picked_up":{"minecraft:spruce_log":2,"minecraft:dirt":14},"minecraft:custom":{"minecraft:jump":93,"minecraft:time_since_rest":8437,"minecraft:damage_taken":90,"minecraft:crouch_one_cm":615,"minecraft:sprint_one_cm":8259,"minecraft:play_time":8437,"minecraft:time_since_death":8437,"minecraft:walk_one_cm":23709,"minecraft:sneak_time":175,"minecraft:total_world_time":8437,"minecraft:drop":1,"minecraft:fall_one_cm":1440,"minecraft:fly_one_cm":7248},"minecraft:crafted":{"minecraft:crafting_table":1,"minecraft:spruce_planks":4},"minecraft:used":{"minecraft:dirt":13,"minecraft:spruce_log":1},"minecraft:mined":{"minecraft:spruce_leaves":1,"minecraft:grass_block":7,"minecraft:spruce_log":2,"minecraft:dirt":6}},"DataVersion":3465}